StartDate,EndDate,Status,IPAddress,Progress,Duration (in seconds),Finished,RecordedDate,ResponseId,RecipientLastName,RecipientFirstName,RecipientEmail,ExternalReference,LocationLatitude,LocationLongitude,DistributionChannel,UserLanguage,Q24,Q14,Q15,Q17,Q17_6_TEXT,Q16,Q19,Q20,Q20_8_TEXT,QID2_First Click,QID2_Last Click,QID2_Page Submit,QID2_Click Count,Example A,Example B,Time_First Click,Time_Last Click,Time_Page Submit,Time_Click Count,Polysemous,Time_First Click,Time_Last Click,Time_Page Submit,Time_Click Count,Polysemous,Time_First Click,Time_Last Click,Time_Page Submit,Time_Click Count,Polysemous,Time_First Click,Time_Last Click,Time_Page Submit,Time_Click Count,Polysemous,Time_First Click,Time_Last Click,Time_Page Submit,Time_Click Count,Monosemic,Time_First Click,Time_Last Click,Time_Page Submit,Time_Click Count,Monosemic,Time_First Click,Time_Last Click,Time_Page Submit,Time_Click Count,Polysemous,Time_First Click,Time_Last Click,Time_Page Submit,Time_Click Count,Monosemic,Time_First Click,Time_Last Click,Time_Page Submit,Time_Click Count,Monosemic,Time_First Click,Time_Last Click,Time_Page Submit,Time_Click Count,Monosemic,Time_First Click,Time_Last Click,Time_Page Submit,Time_Click Count,Polysemous,Time_First Click,Time_Last Click,Time_Page Submit,Time_Click Count,Polysemous,Time_First Click,Time_Last Click,Time_Page Submit,Time_Click Count,Polysemous,Time_First Click,Time_Last Click,Time_Page Submit,Time_Click Count,Polysemous,Time_First Click,Time_Last Click,Time_Page Submit,Time_Click Count,Polysemous,Time_First Click,Time_Last Click,Time_Page Submit,Time_Click Count,Monosemic,Time_First Click,Time_Last Click,Time_Page Submit,Time_Click Count,Polysemous,Time_First Click,Time_Last Click,Time_Page Submit,Time_Click Count,Polysemous,Time_First Click,Time_Last Click,Time_Page Submit,Time_Click Count,Polysemous,Time_First Click,Time_Last Click,Time_Page Submit,Time_Click Count,Monosemic,Time_First Click,Time_Last Click,Time_Page Submit,Time_Click Count,Polysemous,Time_First Click,Time_Last Click,Time_Page Submit,Time_Click Count,Polysemous,Time_First Click,Time_Last Click,Time_Page Submit,Time_Click Count,Monosemic,Time_First Click,Time_Last Click,Time_Page Submit,Time_Click Count,Monosemic,Time_First Click,Time_Last Click,Time_Page Submit,Time_Click Count,Monosemic,Time_First Click,Time_Last Click,Time_Page Submit,Time_Click Count,Monosemic,Time_First Click,Time_Last Click,Time_Page Submit,Time_Click Count,Monosemic,Time_First Click,Time_Last Click,Time_Page Submit,Time_Click Count,Monosemic,Time_First Click,Time_Last Click,Time_Page Submit,Time_Click Count,Monosemic,Time_First Click,Time_Last Click,Time_Page Submit,Time_Click Count,Monosemic,Q97
Start Date,End Date,Response Type,IP Address,Progress,Duration (in seconds),Finished,Recorded Date,Response ID,Recipient Last Name,Recipient First Name,Recipient Email,External Data Reference,Location Latitude,Location Longitude,Distribution Channel,User Language,"Statement of Consent:

I have read and fully understand the information provided above. By clicking the button below, I consent to participate in this study.",Gender,Age,Education Level - Selected Choice,Education Level - Other: - Text,English proficiency,Frequency of Language Use (English),Language Use (English) - Selected Choice,Language Use (English) - Other: - Text,Timing - First Click,Timing - Last Click,Timing - Page Submit,Timing - Click Count,"Example A

I scratched my head in confusion.","Example B

The general is the head of the army.",Timing - First Click,Timing - Last Click,Timing - Page Submit,Timing - Click Count,The dangerous mountain road took a sudden turn.,Timing - First Click,Timing - Last Click,Timing - Page Submit,Timing - Click Count,The weight of his evidence changed my decision.,Timing - First Click,Timing - Last Click,Timing - Page Submit,Timing - Click Count,He opened the heavy door for his grandmother.,Timing - First Click,Timing - Last Click,Timing - Page Submit,Timing - Click Count,My mom demonstrated how to make perfect rice.,Timing - First Click,Timing - Last Click,Timing - Page Submit,Timing - Click Count,The barista crafted a design on the foam of my latte.,Timing - First Click,Timing - Last Click,Timing - Page Submit,Timing - Click Count,The firefly lit up the dark garden with its glow.,Timing - First Click,Timing - Last Click,Timing - Page Submit,Timing - Click Count,His description provides a picture of the plan.,Timing - First Click,Timing - Last Click,Timing - Page Submit,Timing - Click Count,Grandma crocheted a cardigan for me as a gift.,Timing - First Click,Timing - Last Click,Timing - Page Submit,Timing - Click Count,The aeroplane arrived at the airport.,Timing - First Click,Timing - Last Click,Timing - Page Submit,Timing - Click Count,We played a fun game of badminton.,Timing - First Click,Timing - Last Click,Timing - Page Submit,Timing - Click Count,The light sweater kept me warm and comfortable.,Timing - First Click,Timing - Last Click,Timing - Page Submit,Timing - Click Count,Her comment points to mistakes in his reasoning.,Timing - First Click,Timing - Last Click,Timing - Page Submit,Timing - Click Count,The students color on the paper with crayons.,Timing - First Click,Timing - Last Click,Timing - Page Submit,Timing - Click Count,Her flexible nature made her easy to like.,Timing - First Click,Timing - Last Click,Timing - Page Submit,Timing - Click Count,One year of the decade runs into another.,Timing - First Click,Timing - Last Click,Timing - Page Submit,Timing - Click Count,We visited the grand cathedral during our trip.,Timing - First Click,Timing - Last Click,Timing - Page Submit,Timing - Click Count,He revised the structure of the whole argument.,Timing - First Click,Timing - Last Click,Timing - Page Submit,Timing - Click Count,That chapter of the crime novel was frightening.,Timing - First Click,Timing - Last Click,Timing - Page Submit,Timing - Click Count,Your idea strikes me as an intelligent one.,Timing - First Click,Timing - Last Click,Timing - Page Submit,Timing - Click Count,They spent the entire summer cruising on a yacht.,Timing - First Click,Timing - Last Click,Timing - Page Submit,Timing - Click Count,My fingers become cold without my warm mittens.,Timing - First Click,Timing - Last Click,Timing - Page Submit,Timing - Click Count,This poemÂ´s final image carries lots of anger.,Timing - First Click,Timing - Last Click,Timing - Page Submit,Timing - Click Count,She fixed the broken zipper on her coat.,Timing - First Click,Timing - Last Click,Timing - Page Submit,Timing - Click Count,The vase of roses is on the table.,Timing - First Click,Timing - Last Click,Timing - Page Submit,Timing - Click Count,The squirrel collected an acorn from the ground.,Timing - First Click,Timing - Last Click,Timing - Page Submit,Timing - Click Count,We saw a penguin at the zoo.,Timing - First Click,Timing - Last Click,Timing - Page Submit,Timing - Click Count,The countertop was made of polished granite.,Timing - First Click,Timing - Last Click,Timing - Page Submit,Timing - Click Count,They built an igloo to stay warm.,Timing - First Click,Timing - Last Click,Timing - Page Submit,Timing - Click Count,He practiced the saxophone to prepare for a jazz concert.,Timing - First Click,Timing - Last Click,Timing - Page Submit,Timing - Click Count,The cactus has adapted to survive with very little water.,Feedback
"{""ImportId"":""startDate"",""timeZone"":""Europe/Amsterdam""}","{""ImportId"":""endDate"",""timeZone"":""Europe/Amsterdam""}","{""ImportId"":""status""}","{""ImportId"":""ipAddress""}","{""ImportId"":""progress""}","{""ImportId"":""duration""}","{""ImportId"":""finished""}","{""ImportId"":""recordedDate"",""timeZone"":""Europe/Amsterdam""}","{""ImportId"":""_recordId""}","{""ImportId"":""recipientLastName""}","{""ImportId"":""recipientFirstName""}","{""ImportId"":""recipientEmail""}","{""ImportId"":""externalDataReference""}","{""ImportId"":""locationLatitude""}","{""ImportId"":""locationLongitude""}","{""ImportId"":""distributionChannel""}","{""ImportId"":""userLanguage""}","{""ImportId"":""QID24""}","{""ImportId"":""QID14""}","{""ImportId"":""QID15_TEXT""}","{""ImportId"":""QID17""}","{""ImportId"":""QID17_6_TEXT""}","{""ImportId"":""QID16""}","{""ImportId"":""QID19""}","{""ImportId"":""QID20""}","{""ImportId"":""QID20_8_TEXT""}","{""ImportId"":""QID2_FIRST_CLICK""}","{""ImportId"":""QID2_LAST_CLICK""}","{""ImportId"":""QID2_PAGE_SUBMIT""}","{""ImportId"":""QID2_CLICK_COUNT""}","{""ImportId"":""QID3""}","{""ImportId"":""QID27""}","{""ImportId"":""QID10_FIRST_CLICK""}","{""ImportId"":""QID10_LAST_CLICK""}","{""ImportId"":""QID10_PAGE_SUBMIT""}","{""ImportId"":""QID10_CLICK_COUNT""}","{""ImportId"":""QID11""}","{""ImportId"":""QID35_FIRST_CLICK""}","{""ImportId"":""QID35_LAST_CLICK""}","{""ImportId"":""QID35_PAGE_SUBMIT""}","{""ImportId"":""QID35_CLICK_COUNT""}","{""ImportId"":""QID36""}","{""ImportId"":""QID38_FIRST_CLICK""}","{""ImportId"":""QID38_LAST_CLICK""}","{""ImportId"":""QID38_PAGE_SUBMIT""}","{""ImportId"":""QID38_CLICK_COUNT""}","{""ImportId"":""QID37""}","{""ImportId"":""QID40_FIRST_CLICK""}","{""ImportId"":""QID40_LAST_CLICK""}","{""ImportId"":""QID40_PAGE_SUBMIT""}","{""ImportId"":""QID40_CLICK_COUNT""}","{""ImportId"":""QID39""}","{""ImportId"":""QID91_FIRST_CLICK""}","{""ImportId"":""QID91_LAST_CLICK""}","{""ImportId"":""QID91_PAGE_SUBMIT""}","{""ImportId"":""QID91_CLICK_COUNT""}","{""ImportId"":""QID92""}","{""ImportId"":""QID41_FIRST_CLICK""}","{""ImportId"":""QID41_LAST_CLICK""}","{""ImportId"":""QID41_PAGE_SUBMIT""}","{""ImportId"":""QID41_CLICK_COUNT""}","{""ImportId"":""QID42""}","{""ImportId"":""QID43_FIRST_CLICK""}","{""ImportId"":""QID43_LAST_CLICK""}","{""ImportId"":""QID43_PAGE_SUBMIT""}","{""ImportId"":""QID43_CLICK_COUNT""}","{""ImportId"":""QID44""}","{""ImportId"":""QID45_FIRST_CLICK""}","{""ImportId"":""QID45_LAST_CLICK""}","{""ImportId"":""QID45_PAGE_SUBMIT""}","{""ImportId"":""QID45_CLICK_COUNT""}","{""ImportId"":""QID46""}","{""ImportId"":""QID47_FIRST_CLICK""}","{""ImportId"":""QID47_LAST_CLICK""}","{""ImportId"":""QID47_PAGE_SUBMIT""}","{""ImportId"":""QID47_CLICK_COUNT""}","{""ImportId"":""QID48""}","{""ImportId"":""QID49_FIRST_CLICK""}","{""ImportId"":""QID49_LAST_CLICK""}","{""ImportId"":""QID49_PAGE_SUBMIT""}","{""ImportId"":""QID49_CLICK_COUNT""}","{""ImportId"":""QID50""}","{""ImportId"":""QID51_FIRST_CLICK""}","{""ImportId"":""QID51_LAST_CLICK""}","{""ImportId"":""QID51_PAGE_SUBMIT""}","{""ImportId"":""QID51_CLICK_COUNT""}","{""ImportId"":""QID52""}","{""ImportId"":""QID53_FIRST_CLICK""}","{""ImportId"":""QID53_LAST_CLICK""}","{""ImportId"":""QID53_PAGE_SUBMIT""}","{""ImportId"":""QID53_CLICK_COUNT""}","{""ImportId"":""QID54""}","{""ImportId"":""QID55_FIRST_CLICK""}","{""ImportId"":""QID55_LAST_CLICK""}","{""ImportId"":""QID55_PAGE_SUBMIT""}","{""ImportId"":""QID55_CLICK_COUNT""}","{""ImportId"":""QID56""}","{""ImportId"":""QID57_FIRST_CLICK""}","{""ImportId"":""QID57_LAST_CLICK""}","{""ImportId"":""QID57_PAGE_SUBMIT""}","{""ImportId"":""QID57_CLICK_COUNT""}","{""ImportId"":""QID58""}","{""ImportId"":""QID59_FIRST_CLICK""}","{""ImportId"":""QID59_LAST_CLICK""}","{""ImportId"":""QID59_PAGE_SUBMIT""}","{""ImportId"":""QID59_CLICK_COUNT""}","{""ImportId"":""QID60""}","{""ImportId"":""QID61_FIRST_CLICK""}","{""ImportId"":""QID61_LAST_CLICK""}","{""ImportId"":""QID61_PAGE_SUBMIT""}","{""ImportId"":""QID61_CLICK_COUNT""}","{""ImportId"":""QID62""}","{""ImportId"":""QID63_FIRST_CLICK""}","{""ImportId"":""QID63_LAST_CLICK""}","{""ImportId"":""QID63_PAGE_SUBMIT""}","{""ImportId"":""QID63_CLICK_COUNT""}","{""ImportId"":""QID64""}","{""ImportId"":""QID65_FIRST_CLICK""}","{""ImportId"":""QID65_LAST_CLICK""}","{""ImportId"":""QID65_PAGE_SUBMIT""}","{""ImportId"":""QID65_CLICK_COUNT""}","{""ImportId"":""QID66""}","{""ImportId"":""QID67_FIRST_CLICK""}","{""ImportId"":""QID67_LAST_CLICK""}","{""ImportId"":""QID67_PAGE_SUBMIT""}","{""ImportId"":""QID67_CLICK_COUNT""}","{""ImportId"":""QID68""}","{""ImportId"":""QID69_FIRST_CLICK""}","{""ImportId"":""QID69_LAST_CLICK""}","{""ImportId"":""QID69_PAGE_SUBMIT""}","{""ImportId"":""QID69_CLICK_COUNT""}","{""ImportId"":""QID70""}","{""ImportId"":""QID71_FIRST_CLICK""}","{""ImportId"":""QID71_LAST_CLICK""}","{""ImportId"":""QID71_PAGE_SUBMIT""}","{""ImportId"":""QID71_CLICK_COUNT""}","{""ImportId"":""QID72""}","{""ImportId"":""QID73_FIRST_CLICK""}","{""ImportId"":""QID73_LAST_CLICK""}","{""ImportId"":""QID73_PAGE_SUBMIT""}","{""ImportId"":""QID73_CLICK_COUNT""}","{""ImportId"":""QID74""}","{""ImportId"":""QID75_FIRST_CLICK""}","{""ImportId"":""QID75_LAST_CLICK""}","{""ImportId"":""QID75_PAGE_SUBMIT""}","{""ImportId"":""QID75_CLICK_COUNT""}","{""ImportId"":""QID76""}","{""ImportId"":""QID77_FIRST_CLICK""}","{""ImportId"":""QID77_LAST_CLICK""}","{""ImportId"":""QID77_PAGE_SUBMIT""}","{""ImportId"":""QID77_CLICK_COUNT""}","{""ImportId"":""QID78""}","{""ImportId"":""QID79_FIRST_CLICK""}","{""ImportId"":""QID79_LAST_CLICK""}","{""ImportId"":""QID79_PAGE_SUBMIT""}","{""ImportId"":""QID79_CLICK_COUNT""}","{""ImportId"":""QID80""}","{""ImportId"":""QID81_FIRST_CLICK""}","{""ImportId"":""QID81_LAST_CLICK""}","{""ImportId"":""QID81_PAGE_SUBMIT""}","{""ImportId"":""QID81_CLICK_COUNT""}","{""ImportId"":""QID82""}","{""ImportId"":""QID83_FIRST_CLICK""}","{""ImportId"":""QID83_LAST_CLICK""}","{""ImportId"":""QID83_PAGE_SUBMIT""}","{""ImportId"":""QID83_CLICK_COUNT""}","{""ImportId"":""QID84""}","{""ImportId"":""QID85_FIRST_CLICK""}","{""ImportId"":""QID85_LAST_CLICK""}","{""ImportId"":""QID85_PAGE_SUBMIT""}","{""ImportId"":""QID85_CLICK_COUNT""}","{""ImportId"":""QID86""}","{""ImportId"":""QID87_FIRST_CLICK""}","{""ImportId"":""QID87_LAST_CLICK""}","{""ImportId"":""QID87_PAGE_SUBMIT""}","{""ImportId"":""QID87_CLICK_COUNT""}","{""ImportId"":""QID88""}","{""ImportId"":""QID89_FIRST_CLICK""}","{""ImportId"":""QID89_LAST_CLICK""}","{""ImportId"":""QID89_PAGE_SUBMIT""}","{""ImportId"":""QID89_CLICK_COUNT""}","{""ImportId"":""QID90""}","{""ImportId"":""QID110_TEXT""}"
22/11/2024 16:19,22/11/2024 16:24,0,161.51.64.42,100,301,1,22/11/2024 16:24,R_25CqOOTHTyjEqpH,,,,,52.3824,4.8995,anonymous,EN,1,1,22,1,,4,1,"3,4,5,6,7",,10.268,10.268,10.277,1,3,4,4.544,4.544,4.549,1,1,5.191,5.191,5.197,1,1,5.913,5.913,5.921,1,1,3.253,3.253,3.26,1,1,8.386,8.386,8.393,1,1,7.63,7.63,7.639,1,1,4.445,4.445,4.451,1,1,4.695,4.695,4.7,1,1,2.335,2.335,2.341,1,1,7.545,7.545,7.55,1,1,5.799,5.799,5.804,1,1,8.733,8.733,8.739,1,1,8.947,8.947,8.954,1,1,8.181,8.181,8.186,1,1,6.953,6.953,6.959,1,1,5.027,5.027,5.034,1,1,5.351,5.351,5.357,1,1,4.301,4.301,4.203,1,1,4.321,4.321,4.327,1,1,3.798,3.798,3.806,1,1,4.984,4.984,4.99,1,1,3.997,3.997,4.003,1,1,8.7,8.7,8.707,1,1,3.87,3.87,3.876,1,1,5.137,5.137,5.143,1,1,3.801,3.801,3.801,1,1,3.259,3.259,3.265,1,1,6.117,6.117,6.124,1,1,3.983,3.983,3.988,1,1,4.372,4.372,4.379,1,1,
22/11/2024 14:33,22/11/2024 17:34,0,84.29.149.139,100,10912,1,22/11/2024 17:34,R_2MRoqP0Z4LlJCv9,,,,,51.5704,5.0387,anonymous,EN,1,1,18,1,,4,1,"1,3,4,5,6,7",,5.823,5.823,5.83,1,3,4,9.626,9.626,9.632,1,0,4.412,4.412,4.418,1,1,4.882,4.882,4.887,1,1,3.298,3.298,3.304,1,1,7.079,7.079,7.084,1,1,3.72,3.72,3.725,1,1,3.106,3.106,3.113,1,0,5.884,5.884,5.89,1,1,2.795,2.795,2.7,1,1,5.721,5.721,5.726,1,1,7.589,7.589,7.595,1,1,7.778,7.778,7.784,1,1,10.726,10.726,10.732,1,1,5.656,5.656,5.661,1,1,12.156,12.156,12.161,1,1,5.224,5.224,5.229,1,1,4.706,4.706,4.61,1,1,7.322,7.322,7.328,1,1,6.056,6.056,6.063,1,1,2.255,2.255,2.26,1,1,3.804,3.804,3.706,1,1,6.254,6.254,6.26,1,1,3.501,3.501,3.507,1,1,3.691,3.691,3.697,1,1,6.864,6.864,6.869,1,1,4.462,4.462,4.467,1,1,2.744,2.744,2.749,1,1,5.612,5.612,5.617,1,1,2.581,2.581,2.587,1,1,5.765,5.765,5.771,1,1,
22/11/2024 17:41,22/11/2024 17:47,0,188.195.218.39,100,340,1,22/11/2024 17:47,R_8mVnC77BBkDNIvw,,,,,48.1336,11.5658,anonymous,EN,1,1,18,1,,4,1,"1,3,4,5,6,7",,5.35,5.35,5.301,1,3,4,7.817,7.817,7.861,1,1,5.12,5.12,5.154,1,1,6.478,6.478,6.482,1,1,5.355,5.355,5.39,1,1,7.265,7.265,7.299,1,1,7.398,7.398,7.31,1,1,5.763,5.763,5.797,1,1,8.929,8.929,8.963,1,1,3.068,3.068,3.101,1,1,8.059,8.059,8.093,1,1,6.721,6.721,6.76,1,1,7.987,7.987,7.901,1,1,8.46,8.46,8.494,1,1,7.809,7.809,7.842,1,1,6.758,6.758,6.793,1,0,3.911,3.911,3.946,1,1,19.668,19.668,19.699,1,0,4.91,4.91,4.949,1,1,3.79,3.79,3.721,1,1,3.909,3.909,3.943,1,1,5.036,5.036,5.072,1,1,5.195,5.195,5.107,1,1,7.172,7.172,7.1,1,1,4.424,4.424,4.459,1,1,3.932,3.932,3.968,1,1,3.299,3.299,3.2,1,1,3.637,3.637,3.672,1,1,6.143,6.143,6.179,1,1,5.497,5.497,5.401,1,1,4.911,4.911,4.945,1,1,
22/11/2024 18:35,22/11/2024 18:43,0,2.99.130.52,100,472,1,22/11/2024 18:43,R_7OrA2Ls4Gxy7UlH,,,,,53.6943,-2.6888,anonymous,EN,1,1,24,3,,3,1,"2,4,5,6,7",,8.974,35.826,35.881,4,3,4,16.596,16.596,16.501,1,1,9.569,9.569,9.598,1,1,8.601,8.601,8.722,1,1,11.2,11.2,11.2,1,0,14.201,14.201,14.201,1,0,6.328,6.328,6.342,1,0,9.9,9.9,9.912,1,1,9.9,9.9,9.9,1,1,8.418,8.418,8.438,1,1,6.272,6.272,6.299,1,1,8.261,8.261,8.2,1,1,8.402,8.402,8.402,1,1,9.344,9.344,9.38,1,1,9.492,9.492,9.501,1,1,8,8,8.027,1,0,10.708,10.708,10.738,1,1,10.4,10.4,10.4,1,0,8.913,8.913,8.924,1,1,7.007,7.007,7.034,1,1,6.1,6.1,6.302,1,1,8.377,8.377,8.305,1,0,10.901,10.901,10.901,1,1,13.801,13.801,13.968,1,0,7.3,7.3,7.478,1,1,6.776,6.776,6.701,1,1,5.967,5.967,5.901,1,1,7.698,7.698,7.716,1,1,8.476,8.476,8.498,1,1,7.814,7.814,7.834,1,1,5.597,5.597,5.501,1,1,
22/11/2024 18:41,22/11/2024 18:45,0,86.88.40.244,100,259,1,22/11/2024 18:45,R_2CV0uKZ3Rq0dprW,,,,,51.5779,5.0746,anonymous,EN,1,1,19,1,,4,1,"3,4,6,7",,4.417,4.417,4.423,1,3,4,6.496,6.496,6.513,1,1,10.124,10.124,10.128,1,1,10.223,10.223,10.227,1,1,6.359,6.359,6.363,1,1,6.225,6.225,6.229,1,1,4.311,4.311,4.315,1,1,8.262,8.262,8.266,1,1,9.798,9.798,9.803,1,1,4.953,4.953,4.958,1,1,6.422,6.422,6.427,1,1,7.847,7.847,7.851,1,1,5.565,5.565,5.569,1,1,5.381,5.381,5.385,1,1,6.478,6.478,6.482,1,0,8.197,8.197,8.201,1,1,7.301,7.301,7.301,1,1,4.238,4.238,4.242,1,1,6.888,6.888,6.892,1,1,3.337,3.337,3.341,1,1,4.184,4.184,4.188,1,1,5.996,5.996,6.001,1,1,8.47,8.47,8.475,1,1,10.413,10.413,10.417,1,1,6.063,6.063,6.067,1,1,7.827,7.827,7.831,1,1,6.73,6.73,6.734,1,0,5.774,5.774,5.778,1,1,3.55,3.55,3.554,1,1,3.811,3.811,3.816,1,1,3.361,3.361,3.365,1,1,
22/11/2024 19:08,22/11/2024 19:18,0,94.209.220.165,100,579,1,22/11/2024 19:18,R_2kAiMl4IzsmL704,,,,,51.5567,5.0789,anonymous,EN,1,1,20,1,,3,1,"1,2,3,4,5,6,7",,4.305,9.163,9.227,3,3,4,12.415,12.415,12.477,1,1,12.389,12.389,12.397,1,1,12.933,12.933,12.998,1,1,9.14,9.14,9.201,1,1,10.316,10.316,10.375,1,1,6.161,6.161,6.218,1,1,7.263,7.263,7.322,1,1,4.571,4.571,4.629,1,1,3.338,3.338,3.396,1,1,6.101,6.101,6.261,1,1,6.385,6.385,6.442,1,1,6.533,6.533,6.592,1,1,8.109,8.109,8.169,1,1,17.809,17.809,17.869,1,1,16.231,16.231,16.29,1,1,13.344,13.344,13.301,1,1,7.472,7.472,7.528,1,1,7.645,7.645,7.601,1,1,10.481,10.481,10.539,1,0,5.059,5.059,5.001,1,1,7.662,7.662,7.722,1,1,8.689,8.689,8.749,1,1,6.241,6.241,6.201,1,1,10.629,10.629,10.687,1,1,6.278,6.278,6.336,1,1,3.291,3.291,3.348,1,1,4.252,4.252,4.201,1,1,6.885,6.885,6.943,1,1,4.819,4.819,4.878,1,1,5.317,5.317,5.375,1,1,
22/11/2024 19:32,22/11/2024 19:39,0,62.77.144.89,100,380,1,22/11/2024 19:39,R_8Dj9Gl8UQKku93z,,,,,46.3682,17.7945,anonymous,EN,1,2,20,1,,4,1,"3,4,5,6,7",,4.185,4.185,4.103,1,3,4,8.537,8.537,8.561,1,1,5.446,5.446,5.471,1,1,17.38,17.38,17.395,1,1,5.3,5.3,5.315,1,1,11.82,11.82,11.837,1,1,5.897,5.897,5.905,1,1,8.24,8.24,8.264,1,1,6.912,6.912,6.936,1,1,7.08,7.08,7.097,1,1,9.581,9.581,9.598,1,1,4.826,4.826,4.849,1,1,8.638,8.638,8.654,1,1,8.008,8.008,8.03,1,1,7.775,7.775,7.797,1,1,9.036,9.036,9.052,1,1,6.854,6.854,6.87,1,1,13.304,13.304,13.324,1,1,8.877,8.877,8.895,1,1,5.227,5.227,5.25,1,1,4.716,4.716,4.732,1,1,14.029,14.029,14.052,1,1,7.801,7.801,7.801,1,1,11.182,11.182,11.195,1,1,6.558,6.558,6.577,1,1,7.444,7.444,7.459,1,1,5.88,5.88,5.908,1,1,7.92,7.92,7.938,1,1,5.827,5.827,5.849,1,1,12.74,12.74,12.756,1,1,3.481,3.481,3.495,1,1,
22/11/2024 21:19,22/11/2024 21:26,0,145.236.36.86,100,428,1,22/11/2024 21:26,R_2eWt9VPNY9JS6hm,,,,,47.6838,19.1401,anonymous,EN,1,1,21,1,,3,2,"1,4,6,7",,27.263,27.263,27.267,1,3,4,23.335,23.335,23.338,1,1,12.255,12.255,12.257,1,1,7.419,7.419,7.422,1,1,6.201,6.201,6.203,1,1,8.607,8.607,8.609,1,1,5.289,5.289,5.292,1,1,7.47,7.47,7.473,1,1,5.848,5.848,5.851,1,1,9.775,9.775,9.777,1,1,9.493,9.493,9.495,1,0,31.137,31.137,31.14,1,1,8.067,8.067,8.069,1,1,7.073,7.073,7.076,1,1,8.217,8.217,8.219,1,0,17.852,17.852,17.854,1,1,4.42,4.42,4.422,1,1,41.094,41.094,41.096,1,0,4.73,4.73,4.732,1,1,8.36,8.36,8.363,1,1,3.773,3.773,3.775,1,1,5.881,5.881,5.883,1,1,8.796,8.796,8.798,1,1,19.755,19.755,19.757,1,1,7.047,7.047,7.049,1,1,16.358,16.358,16.361,1,1,5.5,5.5,5.502,1,1,7.363,7.363,7.365,1,1,3.368,3.368,3.37,1,1,5.35,5.35,5.352,1,1,5.148,5.148,5.151,1,1,give me my score
22/11/2024 21:14,22/11/2024 21:28,0,217.197.184.36,100,812,1,22/11/2024 21:28,R_8QXoLYevb3ayeVc,,,,,47.5636,19.0947,anonymous,EN,1,1,19,1,,3,2,"1,7",,1.869,34.8,34.953,4,1,4,40.8,40.8,40.987,1,1,9.501,9.501,9.654,1,1,13.301,13.301,13.489,1,1,6.314,6.314,6.344,1,1,7.5,7.5,7.527,1,1,7.634,7.634,7.662,1,1,9.354,9.354,9.382,1,1,7.781,7.781,7.701,1,1,4.501,4.501,4.671,1,1,6.901,6.901,7.072,1,1,13.901,13.901,14.099,1,1,24.446,24.446,24.474,1,1,8.201,8.201,8.332,1,1,15.95,15.95,15.976,1,1,34.902,34.902,35.056,1,0,6.901,6.901,7.043,1,1,36.886,36.886,36.8,1,1,8.642,8.642,8.669,1,1,6.101,6.101,6.292,1,0,13.701,13.701,13.887,1,1,14.955,14.955,14.983,1,1,13.8,13.8,13.934,1,1,11.001,11.001,11.178,1,1,7.701,7.701,7.843,1,1,7.401,7.401,7.607,1,1,4.501,4.501,4.69,1,1,12.701,12.701,12.83,1,1,6.002,6.002,6.148,1,1,17.2,17.2,17.38,1,1,7.101,7.101,7.101,1,1,
22/11/2024 22:05,22/11/2024 22:16,0,86.88.69.67,100,631,1,22/11/2024 22:16,R_8VEMFuYLlOY3UrW,,,,,51.542,5.0878,anonymous,EN,1,1,23,3,,4,1,"1,2,3,4,5,6,7",,7.741,13.156,13.175,3,3,4,10.169,10.169,10.185,1,0,7.725,7.725,7.739,1,1,13.791,13.791,13.801,1,1,10.161,10.161,10.167,1,1,7.348,7.348,7.359,1,1,12.227,12.227,12.24,1,1,11.999,11.999,11.9,1,1,8.619,8.619,8.634,1,1,6.538,6.538,6.554,1,1,7.736,7.736,7.748,1,1,13.692,13.692,13.601,1,1,20.649,20.649,20.662,1,1,11.112,11.112,11.126,1,1,10.131,10.131,10.145,1,1,15.353,15.353,15.364,1,1,8.023,8.023,8.036,1,1,11.792,11.792,11.702,1,0,4.4,4.4,4.416,1,1,8.475,8.475,8.491,1,1,4.421,4.421,4.437,1,1,9.233,9.233,9.247,1,1,7.559,7.559,7.574,1,1,8.948,8.948,8.959,1,1,11.926,11.926,11.94,1,1,5.396,5.396,5.303,1,1,41.238,41.238,41.249,1,1,6.555,6.555,6.569,1,1,3.573,3.573,3.586,1,1,5.654,5.654,5.667,1,1,4.349,4.349,4.364,1,1,
22/11/2024 23:42,22/11/2024 23:48,0,104.28.30.79,100,345,1,22/11/2024 23:48,R_7iqElYuNvtPKQIt,,,,,52.0932,5.0647,anonymous,EN,1,2,20,1,,4,1,"3,4,5,7",,1.371,3.543,3.608,2,3,4,15.941,15.941,16.008,1,1,5.071,5.071,5.127,1,1,10.303,10.303,10.482,1,1,6.427,6.427,6.487,1,1,10.458,10.458,10.403,1,0,3.486,3.486,3.411,1,1,9.601,9.601,9.78,1,1,13.552,13.552,13.507,1,1,3.846,3.846,3.903,1,1,6.686,6.686,6.749,1,1,3.58,3.58,3.642,1,1,14.733,14.733,14.791,1,1,10.02,10.02,10.079,1,1,6.107,6.107,6.278,1,1,7.103,7.103,7.279,1,1,3.75,3.75,3.808,1,1,4.467,4.467,4.522,1,1,6.068,6.068,6.001,1,1,5.006,5.006,5.173,1,1,3.56,3.56,3.609,1,1,10.039,10.039,10.101,1,1,6.863,6.863,6.808,1,1,14.568,14.568,14.502,1,1,4.847,4.847,4.902,1,1,8.642,8.642,8.698,1,1,5.231,5.231,5.292,1,0,5.236,5.236,5.297,1,1,4.207,4.207,4.265,1,1,3.984,3.984,4.05,1,1,3.016,3.016,3.077,1,1,
23/11/2024 09:39,23/11/2024 09:47,0,161.51.64.42,100,423,1,23/11/2024 09:47,R_8IY4KOtsub4Yx2a,,,,,52.3824,4.8995,anonymous,EN,1,1,19,3,,4,1,"1,2,3,4,5,6,7",,0.965,15.333,15.399,4,2,3,5.992,5.992,6.048,1,1,5.916,5.916,5.977,1,0,7.402,7.402,7.458,1,1,6.914,6.914,6.972,1,0,6.617,6.617,6.675,1,1,6.845,6.845,6.851,1,1,6.495,6.495,6.553,1,0,8.83,8.83,8.89,1,1,4.626,4.626,4.685,1,1,5.742,5.742,5.799,1,1,6.244,6.244,6.299,1,1,6.077,6.077,6.138,1,0,12.195,12.195,12.256,1,0,7.916,7.916,7.974,1,0,8.731,8.731,8.787,1,0,4.958,4.958,4.9,1,1,6.508,6.508,6.569,1,0,5.582,5.582,5.64,1,1,3.065,3.065,3.126,1,0,9.388,9.388,9.445,1,1,6.876,6.876,6.934,1,1,10.107,10.107,10.163,1,0,9.353,9.353,9.301,1,0,6.492,6.492,6.548,1,1,3.907,3.907,3.964,1,1,7.64,7.64,7.701,1,0,6.489,6.489,6.547,1,1,5.012,5.012,5.069,1,1,4.939,4.939,4.999,1,1,4.879,4.879,4.936,1,1,
23/11/2024 18:30,23/11/2024 18:39,0,92.40.110.129,100,503,1,23/11/2024 18:39,R_8g5iptABK4T62jw,,,,,53.7426,-0.3295,anonymous,EN,1,2,25,4,,4,1,"1,2,3,4,5,6,7",,4.839,4.839,4.844,1,3,4,13.755,13.755,13.759,1,1,19.645,19.645,19.648,1,1,32.082,32.082,32.085,1,0,4.704,4.704,4.707,1,1,8.588,8.588,8.591,1,0,8.35,8.35,8.353,1,1,7.414,7.414,7.417,1,1,6.366,6.366,6.369,1,1,6.45,6.45,6.453,1,1,12.776,12.776,12.779,1,1,6.798,6.798,6.801,1,1,19.071,19.071,19.074,1,1,10.53,10.53,10.533,1,1,6.817,6.817,6.821,1,0,8.303,8.303,8.303,1,1,4.797,4.797,4.801,1,1,11.526,11.526,11.529,1,1,6.18,6.18,6.183,1,1,7.324,7.324,7.327,1,1,7.694,7.694,7.697,1,1,14.434,14.434,14.437,1,1,7.195,7.195,7.198,1,1,7.77,7.77,7.773,1,1,10.7,10.7,10.602,1,1,20.703,20.703,20.706,1,1,4.113,4.113,4.116,1,1,5.517,5.517,5.52,1,1,4.241,4.241,4.244,1,1,6.102,6.102,6.106,1,1,5.623,5.623,5.627,1,1,
24/11/2024 00:13,24/11/2024 00:18,0,31.149.18.62,100,277,1,24/11/2024 00:18,R_811KwaCxwjYUIhg,,,,,52.4977,6.092,anonymous,EN,1,2,20,3,,3,1,"1,2,3,4,5,6,7",,3.849,3.849,3.861,1,3,4,7.949,7.949,7.963,1,1,6.7,6.7,6.712,1,1,4.88,4.88,4.889,1,1,5.13,5.13,5.141,1,1,3.389,3.389,3.399,1,1,4.026,4.026,4.039,1,1,10.241,10.241,10.253,1,1,3.679,3.679,3.692,1,1,3.044,3.044,3.055,1,1,6.945,6.945,6.956,1,1,4.911,4.911,4.923,1,1,7.397,7.397,7.3,1,1,7.697,7.697,7.6,1,1,12.574,12.574,12.586,1,1,13.45,13.45,13.461,1,1,4.931,4.931,4.942,1,1,7.938,7.938,7.948,1,0,3.69,3.69,3.601,1,1,2.19,2.19,2.1,1,0,4.303,4.303,4.315,1,1,5.714,5.714,5.725,1,1,5.586,5.586,5.599,1,1,11.492,11.492,11.4,1,0,5.8,5.8,5.935,1,1,4.654,4.654,4.665,1,1,4.615,4.615,4.629,1,1,3.896,3.896,3.801,1,1,3.8,3.8,3.949,1,1,3.361,3.361,3.372,1,1,4.8,4.8,4.812,1,1,
24/11/2024 00:24,24/11/2024 00:32,0,87.208.227.253,100,429,1,24/11/2024 00:32,R_817LWaiE69h43rw,,,,,51.5719,5.1003,anonymous,EN,1,1,20,3,,2,1,"1,2,3,4",,2.232,9.28,9.338,3,3,4,5.693,5.693,5.721,1,1,22.813,22.813,22.868,1,1,11.415,11.415,11.47,1,1,5.329,5.329,5.385,1,1,3.265,3.265,3.321,1,1,24.466,24.466,24.521,1,1,10.809,10.809,10.866,1,0,11.838,11.838,11.895,1,1,2.847,2.847,2.9,1,1,6.534,6.534,6.592,1,1,6.387,6.387,6.445,1,1,10.305,10.305,10.363,1,0,16.029,16.029,16.068,1,0,12.405,12.405,12.461,1,0,23.402,23.402,23.449,1,1,21.553,21.553,21.501,1,1,9.969,9.969,10.025,1,0,6.578,6.578,6.634,1,1,5.754,5.754,5.701,1,0,4.373,4.373,4.429,1,1,8.498,8.498,8.557,1,1,8.984,8.984,9.04,1,1,10.522,10.522,10.578,1,0,4.449,4.449,4.4,1,1,4.188,4.188,4.237,1,1,14.421,14.421,14.482,1,1,5.892,5.892,5.952,1,1,3.956,3.956,3.901,1,1,4.993,4.993,5.052,1,1,4.747,4.747,4.7,1,1,Everything was perfect 
24/11/2024 09:55,24/11/2024 10:00,0,89.134.18.239,100,304,1,24/11/2024 10:00,R_2DOsWLH2p4t8FxR,,,,,47.5636,19.0947,anonymous,EN,1,2,19,1,,3,1,"3,6,7",,2.126,7.247,7.201,4,3,4,13.557,13.557,13.572,1,0,9.322,9.322,9.387,1,0,6.226,6.226,6.284,1,1,4.867,4.867,4.93,1,1,3.142,3.142,3.101,1,1,4.957,4.957,5.022,1,1,5.865,5.865,5.927,1,1,4.201,4.201,4.261,1,1,3.046,3.046,3,1,1,9.263,9.263,9.325,1,1,4.149,4.149,4.1,1,1,9.476,9.476,9.536,1,0,14.461,14.461,14.525,1,0,9.022,9.022,9.086,1,1,9.455,9.455,9.401,1,1,5.437,5.437,5.5,1,1,5.151,5.151,5.1,1,0,3.074,3.074,3.135,1,1,4.451,4.451,4.401,1,1,5.356,5.356,5.302,1,1,9.01,9.01,9.073,1,0,7.461,7.461,7.52,1,1,5.283,5.283,5.347,1,0,7.401,7.401,7.562,1,1,5.913,5.913,5.976,1,1,3.257,3.257,3.201,1,0,3.684,3.684,3.74,1,1,2.605,2.605,2.664,1,1,3.505,3.505,3.562,1,1,2.493,2.493,2.556,1,1,
24/11/2024 17:40,24/11/2024 18:55,0,161.51.64.42,100,4504,1,24/11/2024 18:55,R_8f7GmPZmdcsrF8t,,,,,52.3824,4.8995,anonymous,EN,1,2,23,3,,4,1,"1,2,3,4,5,6,7",,22.892,22.892,22.801,1,3,4,7.173,7.173,7.179,1,0,7.189,7.189,7.195,1,0,6.762,6.762,6.77,1,1,5.643,5.643,5.648,1,1,8.462,8.462,8.469,1,1,8.876,8.876,8.882,1,1,10.623,10.623,10.628,1,0,9.378,9.378,9.384,1,1,4.708,4.708,4.714,1,1,15.786,15.786,15.791,1,0,15.133,15.133,15.138,1,1,11.543,11.543,11.549,1,1,9.429,9.429,9.435,1,1,7.051,7.051,7.057,1,1,11.809,11.809,11.815,1,1,8.709,8.709,8.715,1,1,12.611,12.611,12.616,1,0,8.841,8.841,8.846,1,1,8.578,8.578,8.583,1,1,4.134,4.134,4.14,1,1,12.312,12.312,12.318,1,1,9.627,9.627,9.634,1,1,10.123,10.123,10.13,1,0,11.224,11.224,11.229,1,0,15.829,15.829,15.835,1,1,27.211,27.211,27.217,1,1,5.531,5.531,5.537,1,1,7.453,7.453,7.459,1,1,7.176,7.176,7.183,1,1,6.217,6.217,6.223,1,1,
24/11/2024 20:41,24/11/2024 20:48,0,94.31.92.156,100,419,1,24/11/2024 20:48,R_2tbOqEqCcNq8icP,,,,,51.1553,6.7359,anonymous,EN,1,2,24,3,,3,1,"3,5,6,7",,1.364,9.501,9.501,2,3,3,10.301,10.301,10.326,1,0,11.702,11.702,11.867,1,0,6.001,6.001,6.147,1,1,15.801,15.801,16.022,1,1,7.401,7.401,7.551,1,1,7.801,7.801,7.989,1,1,7.701,7.701,7.852,1,0,12.896,12.896,12.801,1,1,10.4,10.4,10.529,1,1,8.301,8.301,8.495,1,1,18.501,18.501,18.501,1,0,15.901,15.901,16.113,1,0,11.6,11.6,11.847,1,1,6.2,6.2,6.2,1,1,26.612,26.612,26.626,1,1,6.701,6.701,6.855,1,0,11.393,11.393,11.412,1,0,8.501,8.501,8.501,1,1,8.701,8.701,8.938,1,0,4.801,4.801,5.004,1,1,9.4,9.4,9.4,1,1,6.501,6.501,6.501,1,1,10.601,10.601,10.601,1,0,8.301,8.301,8.511,1,1,5.101,5.101,5.3,1,1,3.701,3.701,3.846,1,1,11.701,11.701,11.828,1,1,5.601,5.601,5.601,1,1,5.001,5.001,5.14,1,1,5.601,5.601,5.809,1,1,
25/11/2024 13:21,25/11/2024 13:30,0,178.143.37.76,100,509,1,25/11/2024 13:30,R_87eDtazHJYYcCS4,,,,,48.3097,18.0905,anonymous,EN,1,1,21,3,,2,3,"2,3,4,5,6,7",,1.395,11.028,11.087,3,3,4,9.597,9.597,9.654,1,1,9.842,9.842,9.901,1,0,10.289,10.289,10.346,1,1,7.519,7.519,7.576,1,1,12.718,12.718,12.774,1,0,18.216,18.216,18.276,1,0,13.998,13.998,14.055,1,0,11.932,11.932,11.992,1,0,6.77,6.77,6.829,1,1,9.695,9.695,9.754,1,0,8.671,8.671,8.725,1,0,18.756,18.756,18.761,1,0,8.884,8.884,8.939,1,0,8.933,8.933,8.981,1,0,14.788,14.788,14.847,1,1,7.195,7.195,7.251,1,0,20.203,20.203,20.263,1,0,7.287,7.287,7.344,1,1,11.778,11.778,11.834,1,0,5.337,5.337,5.393,1,1,8.197,8.197,8.256,1,0,6.789,6.789,6.845,1,1,11.464,11.464,11.524,1,1,9.431,9.431,9.488,1,0,5.166,5.166,5.226,1,1,15.523,15.523,15.581,1,0,5.937,5.937,5.994,1,0,4.544,4.544,4.5,1,1,6.505,6.505,6.561,1,1,13.613,13.613,13.671,1,1,
25/11/2024 13:25,25/11/2024 13:32,0,84.29.149.47,100,429,1,25/11/2024 13:32,R_8pmzkbk2JPQLj9d,,,,,51.5704,5.0387,anonymous,EN,1,1,20,1,,3,1,"1,2,3,4,5,6,7",,9.912,9.912,9.82,1,3,4,10.241,10.241,10.248,1,0,10.956,10.956,10.962,1,1,6.037,6.037,6.044,1,1,6.486,6.486,6.492,1,1,5.876,5.876,5.882,1,1,16.886,16.886,16.892,1,1,8.501,8.501,8.501,1,1,2.819,2.819,2.825,1,1,8.6,8.6,8.605,1,1,5.365,5.365,5.371,1,1,13.866,13.866,13.872,1,0,19.681,19.681,19.688,1,1,18.929,18.929,18.935,1,1,9.996,9.996,10.002,1,0,5.263,5.263,5.269,1,1,13.626,13.626,13.633,1,0,11.028,11.028,11.034,1,0,4.676,4.676,4.682,1,1,7.149,7.149,7.155,1,0,5.401,5.401,5.401,1,1,7.904,7.904,7.911,1,0,8.005,8.005,8.005,1,1,21.413,21.413,21.42,1,1,5.427,5.427,5.434,1,0,11.554,11.554,11.561,1,1,8.723,8.723,8.73,1,1,14.699,14.699,14.603,1,0,5.626,5.626,5.633,1,1,4.336,4.336,4.342,1,1,6.026,6.026,6.033,1,1,
25/11/2024 15:38,25/11/2024 15:43,0,77.63.52.11,100,339,1,25/11/2024 15:43,R_8QfuC4c9a5fGyAx,,,,,52.3191,4.976,anonymous,EN,1,2,25,3,,3,1,"1,2,3,4,5,6,7",,20.45,20.45,20.467,1,4,4,9.16,9.16,9.175,1,1,10.495,10.495,10.512,1,0,6.733,6.733,6.75,1,1,5.341,5.341,5.349,1,1,6.456,6.456,6.471,1,1,5.527,5.527,5.54,1,1,16.787,16.787,16.794,1,1,3.987,3.987,4,1,1,3.624,3.624,3.634,1,1,5.266,5.266,5.28,1,1,7.169,7.169,7.183,1,1,8.675,8.675,8.691,1,1,9.227,9.227,9.243,1,1,11.632,11.632,11.645,1,1,8.229,8.229,8.24,1,1,6.622,6.622,6.635,1,1,7.544,7.544,7.554,1,0,6.054,6.054,6.069,1,1,3.761,3.761,3.77,1,1,5.065,5.065,5.081,1,1,9.086,9.086,9.1,1,1,9.991,9.991,9.901,1,1,8.268,8.268,8.283,1,0,7.717,7.717,7.732,1,1,6.434,6.434,6.442,1,1,8.869,8.869,8.878,1,1,6.581,6.581,6.595,1,1,4.819,4.819,4.827,1,1,4.565,4.565,4.58,1,1,3.564,3.564,3.578,1,1,
25/11/2024 18:21,25/11/2024 18:21,0,82.73.126.105,100,5,1,25/11/2024 18:21,R_8tdLEpTTZ5dzoqd,,,,,51.5653,5.0543,anonymous,EN,2,,,,,,,,,,,,,,,,,,,,,,,,,,,,,,,,,,,,,,,,,,,,,,,,,,,,,,,,,,,,,,,,,,,,,,,,,,,,,,,,,,,,,,,,,,,,,,,,,,,,,,,,,,,,,,,,,,,,,,,,,,,,,,,,,,,,,,,,,,,,,,,,,,,,,,,,,,,,,,,,,,,,,
27/11/2024 07:41,27/11/2024 07:48,0,78.99.169.46,100,373,1,27/11/2024 07:48,R_2jdjsKyon3JFkXx,,,,,48.1394,17.1754,anonymous,EN,1,1,23,1,,4,1,"1,2,4,5,6,7",,1.192,10.201,10.344,4,3,4,9.38,9.38,9.396,1,1,8.285,8.285,8.294,1,0,7.192,7.192,7.202,1,1,6.3,6.3,6.423,1,1,9.8,9.8,9.956,1,0,6.2,6.2,6.315,1,1,8.901,8.901,9.018,1,1,6.714,6.714,6.728,1,1,5.89,5.89,5.903,1,1,7.842,7.842,7.856,1,1,12.503,12.503,12.52,1,1,8.622,8.622,8.637,1,1,10.537,10.537,10.551,1,1,10.613,10.613,10.63,1,0,8.041,8.041,8.054,1,0,7.995,7.995,7.9,1,1,7.086,7.086,7.097,1,0,6.023,6.023,6.037,1,1,10.221,10.221,10.235,1,1,3.7,3.7,3.822,1,1,7.865,7.865,7.881,1,1,10.2,10.2,10.2,1,1,9.501,9.501,9.641,1,0,9.064,9.064,9.074,1,0,4.891,4.891,4.801,1,1,6.262,6.262,6.277,1,1,6.759,6.759,6.774,1,1,5.272,5.272,5.287,1,1,6.641,6.641,6.654,1,1,6.73,6.73,6.745,1,1,
27/11/2024 09:46,27/11/2024 09:52,0,95.102.189.32,100,343,1,27/11/2024 09:52,R_8cdrEvf2uEpSyfW,,,,,48.157,17.0915,anonymous,EN,1,2,21,3,,2,1,"1,4,5,6,7",,2.762,4.12,4.138,2,3,4,5.387,5.387,5.395,1,0,9.314,9.314,9.325,1,1,6.736,6.736,6.749,1,1,3.492,3.492,3.505,1,1,11.7,11.7,11.713,1,0,4.931,4.931,4.944,1,1,6.471,6.471,6.485,1,0,4.453,4.453,4.465,1,1,3.603,3.603,3.615,1,1,8.038,8.038,8.048,1,1,7.041,7.041,7.055,1,1,11.806,11.806,11.817,1,0,12.682,12.682,12.695,1,1,8.484,8.484,8.497,1,1,6.947,6.947,6.958,1,0,4.274,4.274,4.287,1,1,5.806,5.806,5.818,1,0,8.653,8.653,8.665,1,1,7.898,7.898,7.912,1,0,9.196,9.196,9.101,1,1,13.358,13.358,13.371,1,1,4.545,4.545,4.557,1,1,8.398,8.398,8.305,1,0,3.762,3.762,3.774,1,1,3.955,3.955,3.966,1,1,7.854,7.854,7.868,1,1,4.509,4.509,4.523,1,1,2.906,2.906,2.917,1,1,3.763,3.763,3.777,1,1,12.199,12.199,12.211,1,1,
29/11/2024 13:17,29/11/2024 13:24,0,87.244.196.62,100,408,1,29/11/2024 13:24,R_8FQdyuEN4EMbw9E,,,,,47.787,18.2884,anonymous,EN,1,2,21,1,,2,3,"5,6,7",,8.598,30.046,30.002,2,3,4,7.304,7.304,7.362,1,1,26.779,26.779,26.835,1,1,6.251,6.251,6.283,1,1,13.487,13.487,13.546,1,0,7.702,7.702,7.757,1,1,10.28,10.28,10.337,1,1,5.853,5.853,5.8,1,1,5.307,5.307,5.363,1,1,4.383,4.383,4.441,1,1,7.895,7.895,7.954,1,1,7.173,7.173,7.231,1,1,14.211,14.211,14.27,1,1,18.171,18.171,18.23,1,1,7.805,7.805,7.864,1,1,17.06,17.06,17,1,1,5.325,5.325,5.383,1,1,22.25,22.25,22.2,1,1,7.155,7.155,7.101,1,1,14.393,14.393,14.434,1,1,7.322,7.322,7.38,1,1,8.144,8.144,8.201,1,1,6.987,6.987,7.044,1,0,6.2,6.2,6.254,1,0,6.511,6.511,6.566,1,1,4.734,4.734,4.789,1,1,6.902,6.902,6.958,1,1,5.081,5.081,5.137,1,1,7.34,7.34,7.3,1,1,5.881,5.881,5.941,1,1,6.908,6.908,6.966,1,1,
22/11/2024 14:32,22/11/2024 14:54,0,137.56.36.112,75,1290,0,29/11/2024 14:54,R_8r7mrvkPJqnOQuL,,,,,,,anonymous,EN,1,1,21,3,,4,1,"2,3,4,5,6,7",,1.015,15.934,15.9,7,3,4,8.754,8.754,8.701,1,1,14.915,14.915,14.955,1,0,7.463,7.463,7.471,1,1,17.227,17.227,17.257,1,0,23.667,23.667,23.729,1,0,8.067,8.067,8.122,1,0,21.884,21.884,21.929,1,0,13.357,13.357,13.301,1,1,5.941,5.941,5.973,1,1,15.74,15.74,15.701,1,0,7.03,7.03,7.086,1,1,14.943,14.943,14.901,1,0,26.983,26.983,27.05,1,1,15.948,15.948,15.901,1,1,18.103,18.103,18.174,1,0,25.126,25.126,25.202,1,1,57.074,57.074,57.277,1,1,37.698,37.698,37.777,1,1,9.401,9.401,9.462,1,1,14.7,14.7,14.734,1,0,16.143,16.143,16.19,1,1,18.229,18.229,18.29,1,1,7.216,7.216,7.273,1,1,13.6,13.6,13.6,1,0,6.195,6.195,6.255,1,1,24.318,24.318,24.349,1,0,13.907,13.907,13.92,1,0,6.129,6.129,6.192,1,1,18.871,18.871,18.931,1,1,9.289,9.289,9.3,1,1,
29/11/2024 18:06,29/11/2024 18:07,0,137.56.27.100,100,16,1,29/11/2024 18:07,R_2iRYhbnTjtVTzzj,,,,,51.5567,5.0789,anonymous,EN,2,,,,,,,,,,,,,,,,,,,,,,,,,,,,,,,,,,,,,,,,,,,,,,,,,,,,,,,,,,,,,,,,,,,,,,,,,,,,,,,,,,,,,,,,,,,,,,,,,,,,,,,,,,,,,,,,,,,,,,,,,,,,,,,,,,,,,,,,,,,,,,,,,,,,,,,,,,,,,,,,,,,,,
29/11/2024 18:02,29/11/2024 18:20,0,178.41.42.96,100,1067,1,29/11/2024 18:20,R_8SAZss4bKLnnZ6F,,,,,48.3762,17.5829,anonymous,EN,1,2,21,1,,2,1,"3,4,5,6,7",,3.046,28.579,28.641,4,3,4,32.423,32.423,32.431,1,0,16.414,16.414,16.431,1,1,19.906,19.906,19.966,1,1,21.713,21.713,21.771,1,0,12.307,12.307,12.364,1,1,27.868,27.868,27.927,1,0,5.26,5.26,5.2,1,0,15.407,15.407,15.468,1,1,7.227,7.227,7.284,1,1,7.333,7.333,7.391,1,0,16.653,16.653,16.601,1,1,23.727,23.727,23.787,1,0,9.73,9.73,9.789,1,1,19.239,19.239,19.299,1,1,34.303,34.303,34.363,1,0,15.314,15.314,15.371,1,1,45.336,45.336,45.392,1,0,5.273,5.273,5.333,1,1,23.939,23.939,23.9,1,1,7.621,7.621,7.68,1,1,12.486,12.486,12.544,1,1,14.066,14.066,14.126,1,0,23.713,23.713,23.776,1,0,7.907,7.907,7.967,1,0,22.691,22.691,22.75,1,1,34.584,34.584,34.642,1,1,29.56,29.56,29.501,1,0,14.989,14.989,15.047,1,1,8.455,8.455,8.4,1,1,2.7,2.7,2.86,1,1,
29/11/2024 21:20,29/11/2024 21:32,0,86.43.65.50,100,716,1,29/11/2024 21:32,R_8mUgJCewekOj56U,,,,,54.2775,-8.4795,anonymous,EN,1,2,21,1,,2,1,"1,2,5,6,7",,7.428,28.468,28.501,4,3,4,8.801,8.801,8.811,1,1,17.012,17.012,17.029,1,0,29.339,29.339,29.354,1,1,8.232,8.232,8.28,1,1,11.416,11.416,11.432,1,1,5.886,5.886,5.898,1,1,10.301,10.301,10.317,1,0,9.55,9.55,9.571,1,1,9.302,9.302,9.302,1,1,9.896,9.896,9.8,1,0,12.532,12.532,12.55,2,1,9.897,9.897,9.925,1,1,11.166,11.166,11.1,1,1,20.155,20.155,20.171,1,1,21.222,21.222,21.239,1,1,13.19,13.19,13.101,1,1,55.982,55.982,55.901,1,0,5.445,5.445,5.464,1,1,9.4,9.4,9.52,1,0,7.34,7.34,7.368,1,1,16.561,16.561,16.577,1,1,8.138,8.138,8.165,1,1,15.002,15.002,15.027,1,1,8.705,8.705,8.732,1,1,10.366,10.366,10.382,1,1,11.535,11.535,11.554,1,1,17.967,17.967,17.984,1,1,7.44,7.44,7.463,1,1,5.855,5.855,5.894,1,1,6.654,6.654,6.67,1,1,
30/11/2024 09:55,30/11/2024 10:00,0,85.237.234.200,100,304,1,30/11/2024 10:00,R_8jd20Iylg9o2E2q,,,,,48.1364,17.1328,anonymous,EN,1,2,21,1,,2,2,"3,4,6,7",,1.36,8.382,8.439,5,3,4,4.221,4.221,4.281,1,1,4.362,4.362,4.371,1,0,3.41,3.41,3.467,1,1,6.473,6.473,6.528,1,1,3.54,3.54,3.595,1,1,7.683,7.683,7.743,1,0,5.681,5.681,5.741,1,0,4.275,4.275,4.327,1,1,4.068,4.068,4.121,1,1,5.712,5.712,5.767,1,1,3.81,3.81,3.852,1,1,10.347,10.347,10.395,1,0,5.31,5.31,5.365,1,0,14.362,14.362,14.301,1,0,10.143,10.143,10.199,1,1,3.946,3.946,3.901,1,1,7.948,7.948,8,1,0,8.714,8.714,8.77,1,0,4.83,4.83,4.89,1,0,3.809,3.809,3.864,1,1,19.041,19.041,19.101,1,0,4.918,4.918,4.963,1,1,7.093,7.093,7.146,1,1,5.189,5.189,5.243,1,1,3.273,3.273,3.331,1,1,3.428,3.428,3.486,1,1,3.861,3.861,3.801,1,1,6.467,6.467,6.523,1,1,4.874,4.874,4.93,1,1,4.337,4.337,4.392,1,1,
30/11/2024 17:32,30/11/2024 17:40,0,185.151.0.156,100,470,1,30/11/2024 17:40,R_2KHNApB0PmrcWLp,,,,,48.1022,17.8504,anonymous,EN,1,2,21,1,,2,1,"1,4,5,6,7",,2.672,8.467,8.534,2,3,4,12.619,12.619,12.687,1,1,9.173,9.173,9.24,1,0,5.723,5.723,5.792,1,1,6.975,6.975,7.039,1,1,10.325,10.325,10.381,1,0,17.842,17.842,17.802,1,1,8.636,8.636,8.699,1,0,7.013,7.013,7.069,1,1,6.617,6.617,6.678,1,1,10.227,10.227,10.283,1,1,10.311,10.311,10.369,1,1,19.82,19.82,19.876,1,0,10.159,10.159,10.101,1,1,13.15,13.15,13.2,1,1,10.253,10.253,10.2,1,1,6.647,6.647,6.6,1,1,28.517,28.517,28.587,1,0,12.33,12.33,12.389,1,1,32.291,32.291,32.351,1,1,5.359,5.359,5.424,1,1,12.905,12.905,12.963,1,1,11.448,11.448,11.517,1,1,16.569,16.569,16.636,1,1,5.722,5.722,5.781,1,1,6.34,6.34,6.3,1,1,8.825,8.825,8.866,1,1,19.239,19.239,19.201,1,1,5.473,5.473,5.536,1,1,7.283,7.283,7.347,1,1,7.95,7.95,7.901,1,1,
30/11/2024 17:46,30/11/2024 17:53,0,95.102.209.96,100,401,1,30/11/2024 17:53,R_80OiprhuSICwCCc,,,,,48.1462,17.0562,anonymous,EN,1,2,24,3,,3,1,"3,4,5,6,7",,6.877,18.801,19.007,2,3,4,16.6,16.6,16.886,1,1,6.7,6.7,6.7,1,1,5.501,5.501,5.501,1,1,3.7,3.7,3.931,1,1,13.791,13.791,13.699,1,0,6.201,6.201,6.395,1,1,5.501,5.501,5.501,1,1,5.901,5.901,5.901,1,1,3.71,3.71,3.743,1,1,8.6,8.6,8.6,1,1,6.101,6.101,6.101,1,1,15.6,15.6,15.788,1,1,10.101,10.101,10.101,1,1,8.178,8.178,8.1,1,1,6.4,6.4,6.599,1,1,9.701,9.701,9.701,1,1,6.1,6.1,6.337,1,1,2.701,2.701,2.701,1,1,28.7,28.7,28.7,1,0,4.687,4.687,4.601,1,1,19.304,19.304,19.327,1,1,10.701,10.701,10.9,1,1,6.894,6.894,6.801,1,1,4.201,4.201,4.201,1,1,8.695,8.695,8.601,1,1,12.3,12.3,12.551,1,1,4.801,4.801,4.801,1,1,6.209,6.209,6.269,1,1,6.501,6.501,6.76,1,1,3.296,3.296,3.2,1,1,
30/11/2024 18:15,30/11/2024 18:23,0,178.143.37.245,100,463,1,30/11/2024 18:23,R_29RIs2AsxG43xVn,,,,,48.3097,18.0905,anonymous,EN,1,1,24,1,,3,1,"1,2,4,5,6,7",,1.314,24.908,24.967,6,4,4,45.432,45.432,45.49,1,1,31.335,31.335,31.395,1,0,6.395,6.395,6.455,1,1,6.239,6.239,6.281,1,1,7.735,7.735,7.796,1,1,4.583,4.583,4.639,1,1,4.665,4.665,4.721,1,1,5.876,5.876,5.937,1,1,3.319,3.319,3.381,1,1,4.147,4.147,4.101,1,0,9.39,9.39,9.45,1,1,7.328,7.328,7.388,1,1,9.438,9.438,9.495,1,1,17.69,17.69,17.748,1,1,13.945,13.945,13.997,1,1,4.877,4.877,4.934,1,1,19.937,19.937,19.994,1,0,14.053,14.053,14.002,1,1,4.316,4.316,4.371,1,0,4.352,4.352,4.301,1,1,9.464,9.464,9.523,1,1,12.223,12.223,12.285,1,1,5.305,5.305,5.362,1,0,5.566,5.566,5.621,1,0,7.366,7.366,7.423,1,1,4.802,4.802,4.844,1,0,5.942,5.942,6,1,1,4.998,4.998,5.055,1,1,8.82,8.82,8.879,1,1,23.934,23.934,23.989,1,1,
30/11/2024 18:23,30/11/2024 18:46,0,84.245.121.131,100,1379,1,30/11/2024 18:46,R_2gOdWXO3gjFmAUw,,,,,48.182,17.1872,anonymous,EN,1,1,18,1,,3,2,"3,4,5,6,7",,1.136,19.575,19.636,4,3,4,11.119,11.119,11.178,1,1,13.887,13.887,13.961,1,0,17.921,17.921,17.981,1,1,4.254,4.254,4.201,1,1,36.361,36.361,36.301,1,1,31.518,31.518,31.579,1,0,22.042,22.042,22.098,1,0,5.631,5.631,5.688,1,1,5.558,5.558,5.5,1,1,4.336,4.336,4.392,1,0,32.141,32.141,32.198,1,1,22.536,22.536,22.606,1,1,26.586,26.586,26.646,1,1,22.19,22.19,22.249,1,0,35.027,35.027,35.083,1,1,6.423,6.423,6.481,1,1,30.235,30.235,30.292,1,0,8.123,8.123,8.18,1,1,25.781,25.781,25.842,1,0,23.613,23.613,23.673,1,1,4.922,4.922,4.977,1,1,7.796,7.796,7.85,1,1,23.218,23.218,23.275,1,1,12.786,12.786,12.844,1,1,26.716,26.716,26.783,1,1,31.173,31.173,31.121,1,1,10.508,10.508,10.569,1,1,5.595,5.595,5.654,1,1,8.989,8.989,9.027,1,1,13.628,13.628,13.685,1,1,a lot 
30/11/2024 19:30,30/11/2024 19:36,0,178.143.37.75,100,356,1,30/11/2024 19:36,R_23uBU9Mu3IquAFz,,,,,48.3097,18.0905,anonymous,EN,1,1,22,1,,2,1,"2,7",,8.149,24.672,24.695,5,1,4,7.201,7.201,7.332,1,1,12.152,12.152,12.17,1,1,7.697,7.697,7.601,1,0,14.101,14.101,14.264,1,1,20.75,20.75,20.771,1,0,4.864,4.864,4.876,1,1,0.347,0.347,0.367,1,1,10.594,10.594,10.612,1,0,11.489,11.489,11.4,1,1,7.889,7.889,7.801,1,1,10.398,10.398,10.3,1,0,20.091,20.091,20.112,1,1,10.375,10.375,10.394,1,0,6.415,6.415,6.437,1,1,9.642,9.642,9.657,1,1,10.468,10.468,10.479,1,1,8.378,8.378,8.395,1,0,8.812,8.812,8.831,1,1,10.386,10.386,10.301,1,1,11.1,11.1,11.264,1,1,11.614,11.614,11.632,1,1,14.133,14.133,14.15,1,1,12.15,12.15,12.167,1,1,8.806,8.806,8.817,1,0,13.301,13.301,13.431,1,1,9.477,9.477,9.494,1,1,7.779,7.779,7.797,1,0,3.193,3.193,3.1,1,1,10.843,10.843,10.758,1,1,17.204,17.204,17.324,1,1,
30/11/2024 20:47,30/11/2024 20:52,0,95.102.201.196,100,334,1,30/11/2024 20:52,R_2Jz2ug65wtZrJa6,,,,,48.1688,17.1455,anonymous,EN,1,2,21,2,,2,2,"4,5,6",,2.179,23.86,23.884,4,3,4,5.265,5.265,5.285,1,1,6.895,6.895,6.801,1,0,6.394,6.394,6.3,1,1,5.021,5.021,5.045,1,1,5.783,5.783,5.8,1,1,6.924,6.924,6.945,1,1,9.654,9.654,9.672,1,0,4.701,4.701,4.845,1,1,7.601,7.601,7.601,1,1,10.416,10.416,10.437,1,1,7.154,7.154,7.173,1,1,11.541,11.541,11.561,1,0,6.154,6.154,6.173,1,1,11.169,11.169,11.187,1,0,6.297,6.297,6.2,1,0,5.518,5.518,5.541,1,1,7.929,7.929,7.945,1,1,7.45,7.45,7.474,1,1,10.596,10.596,10.501,1,0,4.445,4.445,4.462,1,1,5.829,5.829,5.849,1,1,7.691,7.691,7.6,1,1,8.34,8.34,8.357,1,1,4.918,4.918,4.94,1,1,4.768,4.768,4.787,1,1,4.256,4.256,4.275,1,1,9.201,9.201,9.201,1,1,4.127,4.127,4.146,1,1,4.2,4.2,4.321,1,1,4.1,4.1,4.233,1,1,
01/12/2024 10:12,01/12/2024 10:25,0,188.95.151.22,100,805,1,01/12/2024 10:25,R_2KVhH1WAmN6yBDm,,,,,48.3312,18.1315,anonymous,EN,1,2,21,1,,2,2,"2,7",,2.329,15.761,15.788,3,3,4,7.101,7.101,7.243,1,1,22.405,22.405,22.422,1,0,26.412,26.412,26.431,1,1,28.882,28.882,28.899,1,1,10.51,10.51,10.527,1,1,22.693,22.693,22.6,1,1,6.854,6.854,6.87,1,0,10.518,10.518,10.534,1,1,31.7,31.7,31.854,1,1,17.601,17.601,17.783,1,1,14.294,14.294,14.202,1,1,18.449,18.449,18.466,1,0,15.849,15.849,15.867,1,1,21.335,21.335,21.352,1,1,17.601,17.601,17.818,1,1,7.273,7.273,7.29,1,1,42.783,42.783,42.798,1,1,8.5,8.5,8.634,1,1,13.755,13.755,13.771,1,0,9.179,9.179,9.196,1,1,13.576,13.576,13.593,1,1,22.975,22.975,22.993,1,1,104.8,104.8,104.944,1,0,14.601,14.601,14.815,1,0,8.2,8.2,8.39,1,1,8.431,8.431,8.448,1,1,10.839,10.839,10.856,1,1,8.503,8.503,8.521,1,1,11.324,11.324,11.341,1,1,7.764,7.764,7.782,1,1,
